{
  "cbc_only_S1_a0.05": 0.9556994053780069,
  "cbc_only_S1_a0.10": 0.9052211700244083,
  "cbc_only_S1_a0.20": 0.7860366428441421,
  "cbc_only_S2_a0.05": 0.96888128466422,
  "cbc_only_S2_a0.10": 0.9257106395385428,
  "cbc_only_S2_a0.20": 0.810757603330221,
  "cbc_bio_S1_a0.05": 0.9778953397220277,
  "cbc_bio_S1_a0.10": 0.9184265615828436,
  "cbc_bio_S1_a0.20": 0.8279329016221324,
  "cbc_bio_S2_a0.05": 0.9600220128711018,
  "cbc_bio_S2_a0.10": 0.9053916613684718,
  "cbc_bio_S2_a0.20": 0.8057029445992039
}